{
  "meta": {
    "seed": 718,
    "device": "cuda",
    "epochs": 30000,
    "lr": 0.001,
    "num_toys": 50,
    "lambdas": [
      0.1
    ],
    "input_dim": 15,
    "hidden_dim": [
      24,
      12
    ],
    "output_dim": 1,
    "df_fixed": 697,
    "input_csv": "C:\\Users\\郭嘉英\\OneDrive\\Desktop\\PHYSICAL_DATA_log.csv",
    "N_R": 40403,
    "N_R0": 20000,
    "clip_value": 0.22,
    "feature_cols": [
      "tau_pt",
      "tau_eta",
      "tau_phi",
      "lep_pt",
      "lep_eta",
      "lep_phi",
      "met",
      "met_phi",
      "met_sumet",
      "lead_pt",
      "lead_eta",
      "sublead_pt",
      "sublead_eta",
      "sublead_phi",
      "all_pt"
    ],
    "loss": "sum[(1-y) w_e (exp f - 1) - y f], w_e=N_R0/N_R",
    "sampling": "Reference fixed; experimental = Poisson(20000), mixture with λ; replace=True"
  },
  "results": {
    "0.1": {
      "Ts": [
        922.7171020507812,
        996.5745239257812,
        1090.010009765625,
        1038.9464111328125,
        1047.879150390625,
        1158.342529296875,
        958.3687744140625,
        927.3009033203125,
        973.732177734375,
        1131.5084228515625,
        1012.98876953125,
        1053.0150146484375,
        1088.4129638671875,
        1030.0654296875,
        1007.1724243164062,
        981.0718383789062,
        1124.137939453125,
        1310.513916015625,
        1120.284912109375,
        1194.196533203125,
        1121.7906494140625,
        1000.042236328125,
        1119.761962890625,
        990.827880859375,
        1088.4158935546875,
        1034.8050537109375,
        989.7286376953125,
        1088.90625,
        1092.60205078125,
        1138.2066650390625,
        1094.301513671875,
        1096.8505859375,
        1105.5330810546875,
        1017.6593017578125,
        1028.454345703125,
        969.1353759765625,
        1069.3055419921875,
        1069.9208984375,
        1096.9462890625,
        1133.066650390625,
        965.3718872070312,
        1007.8770141601562,
        1152.4317626953125,
        1040.35546875,
        1047.1591796875,
        1015.4505615234375,
        998.7293701171875,
        990.9067993164062,
        1198.5341796875,
        1152.7269287109375
      ],
      "dof": 697
    }
  }
}