{
  "meta": {
    "seed": 718,
    "device": "cuda",
    "epochs": 30000,
    "lr": 0.001,
    "num_toys": 50,
    "lambdas": [
      0.07
    ],
    "input_dim": 15,
    "hidden_dim": [
      24,
      12
    ],
    "output_dim": 1,
    "df_fixed": 697,
    "input_csv": "C:\\Users\\郭嘉英\\OneDrive\\Desktop\\PHYSICAL_DATA_log.csv",
    "N_R": 40403,
    "N_R0": 20000,
    "clip_value": 0.22,
    "feature_cols": [
      "tau_pt",
      "tau_eta",
      "tau_phi",
      "lep_pt",
      "lep_eta",
      "lep_phi",
      "met",
      "met_phi",
      "met_sumet",
      "lead_pt",
      "lead_eta",
      "sublead_pt",
      "sublead_eta",
      "sublead_phi",
      "all_pt"
    ],
    "loss": "sum[(1-y) w_e (exp f - 1) - y f], w_e=N_R0/N_R",
    "sampling": "Reference fixed; experimental = Poisson(20000), mixture with λ; replace=True"
  },
  "results": {
    "0.07": {
      "Ts": [
        784.8616943359375,
        854.6165771484375,
        938.6590576171875,
        850.6323852539062,
        854.3642578125,
        950.6544189453125,
        808.6422729492188,
        769.84130859375,
        760.9075927734375,
        866.990478515625,
        773.8734130859375,
        880.5918579101562,
        1002.0654296875,
        879.7960205078125,
        839.4847412109375,
        841.1119384765625,
        912.172119140625,
        1089.7037353515625,
        841.5248413085938,
        1024.1533203125,
        963.2291259765625,
        772.4124755859375,
        934.6561279296875,
        768.418212890625,
        997.0170288085938,
        927.0714111328125,
        785.0684204101562,
        920.2153930664062,
        851.8767700195312,
        937.4074096679688,
        863.2088623046875,
        954.1809692382812,
        835.9468994140625,
        752.8970336914062,
        895.5284423828125,
        783.224853515625,
        831.4082641601562,
        865.51708984375,
        864.0062255859375,
        901.106689453125,
        782.4692993164062,
        928.818359375,
        909.2169189453125,
        821.953125,
        832.5399780273438,
        783.6207275390625,
        720.53662109375,
        840.6749267578125,
        1032.221923828125,
        835.992431640625
      ],
      "dof": 697
    }
  }
}