{
  "meta": {
    "seed": 718,
    "device": "cuda",
    "epochs": 30000,
    "lr": 0.001,
    "num_toys": 50,
    "lambdas": [
      0.01
    ],
    "input_dim": 15,
    "hidden_dim": [
      24,
      12
    ],
    "output_dim": 1,
    "df_fixed": 697,
    "input_csv": "C:\\Users\\郭嘉英\\OneDrive\\Desktop\\PHYSICAL_DATA_log.csv",
    "N_R": 40403,
    "N_R0": 20000,
    "clip_value": 0.22,
    "feature_cols": [
      "tau_pt",
      "tau_eta",
      "tau_phi",
      "lep_pt",
      "lep_eta",
      "lep_phi",
      "met",
      "met_phi",
      "met_sumet",
      "lead_pt",
      "lead_eta",
      "sublead_pt",
      "sublead_eta",
      "sublead_phi",
      "all_pt"
    ],
    "loss": "sum[(1-y) w_e (exp f - 1) - y f], w_e=N_R0/N_R",
    "sampling": "Reference fixed; experimental = Poisson(20000), mixture with λ; replace=True"
  },
  "results": {
    "0.01": {
      "Ts": [
        606.3858642578125,
        685.0269775390625,
        651.5955200195312,
        670.04736328125,
        718.579833984375,
        700.2626953125,
        658.6782836914062,
        587.3742065429688,
        571.1201171875,
        721.4852294921875,
        705.8040771484375,
        654.5848999023438,
        796.230712890625,
        649.290771484375,
        719.3136596679688,
        727.4884033203125,
        704.0137939453125,
        733.401611328125,
        810.8798217773438,
        797.2881469726562,
        707.071533203125,
        606.88232421875,
        778.2581787109375,
        722.583740234375,
        769.49658203125,
        753.2518920898438,
        575.0057373046875,
        836.6553955078125,
        774.5276489257812,
        850.1885375976562,
        767.4942626953125,
        769.712890625,
        751.4779052734375,
        618.6928100585938,
        673.6435546875,
        574.3731689453125,
        666.472900390625,
        668.904541015625,
        682.79248046875,
        726.3357543945312,
        667.496826171875,
        788.0869750976562,
        660.1275024414062,
        596.3966064453125,
        675.0316162109375,
        751.5135498046875,
        510.59222412109375,
        710.8836669921875,
        776.7884521484375,
        765.2199096679688
      ],
      "dof": 697
    }
  }
}