{
  "meta": {
    "seed": 718,
    "device": "cuda",
    "epochs": 30000,
    "lr": 0.001,
    "num_toys": 50,
    "lambdas": [
      0.0
    ],
    "input_dim": 15,
    "hidden_dim": [
      24,
      12
    ],
    "output_dim": 1,
    "df_fixed": 697,
    "input_csv": "C:\\Users\\郭嘉英\\OneDrive\\Desktop\\PHYSICAL_DATA_log.csv",
    "N_R": 40403,
    "N_R0": 20000,
    "clip_value": 0.22,
    "feature_cols": [
      "tau_pt",
      "tau_eta",
      "tau_phi",
      "lep_pt",
      "lep_eta",
      "lep_phi",
      "met",
      "met_phi",
      "met_sumet",
      "lead_pt",
      "lead_eta",
      "sublead_pt",
      "sublead_eta",
      "sublead_phi",
      "all_pt"
    ],
    "loss": "sum[(1-y) w_e (exp f - 1) - y f], w_e=N_R0/N_R",
    "sampling": "Reference fixed; experimental = Poisson(20000), mixture with λ; replace=True"
  },
  "results": {
    "0.0": {
      "Ts": [
        698.6314697265625,
        720.103515625,
        667.7958984375,
        640.3787841796875,
        718.2534790039062,
        777.50341796875,
        658.2086181640625,
        591.0869140625,
        526.1456909179688,
        686.3515625,
        713.205322265625,
        674.6796875,
        733.2828369140625,
        610.21728515625,
        663.688232421875,
        658.2674560546875,
        698.699462890625,
        735.0089721679688,
        759.5643310546875,
        721.4515380859375,
        626.502685546875,
        582.6069946289062,
        778.5855712890625,
        692.5352783203125,
        880.4388427734375,
        762.8795166015625,
        668.9066772460938,
        759.9237060546875,
        699.131103515625,
        744.9307861328125,
        807.0029296875,
        801.806884765625,
        650.0298461914062,
        470.5160827636719,
        657.555908203125,
        606.4242553710938,
        664.7728271484375,
        694.3363037109375,
        745.385986328125,
        709.09521484375,
        670.3807373046875,
        745.9258422851562,
        750.7398071289062,
        707.4319458007812,
        719.2423095703125,
        699.3993530273438,
        552.4779663085938,
        719.3663940429688,
        708.7559814453125,
        724.785400390625
      ],
      "dof": 697
    }
  }
}