{
  "meta": {
    "seed": 718,
    "device": "cuda",
    "epochs": 30000,
    "lr": 0.001,
    "num_toys": 50,
    "lambdas": [
      0.03
    ],
    "input_dim": 15,
    "hidden_dim": [
      24,
      12
    ],
    "output_dim": 1,
    "df_fixed": 697,
    "input_csv": "C:\\Users\\郭嘉英\\OneDrive\\Desktop\\PHYSICAL_DATA_log.csv",
    "N_R": 40403,
    "N_R0": 20000,
    "clip_value": 0.22,
    "feature_cols": [
      "tau_pt",
      "tau_eta",
      "tau_phi",
      "lep_pt",
      "lep_eta",
      "lep_phi",
      "met",
      "met_phi",
      "met_sumet",
      "lead_pt",
      "lead_eta",
      "sublead_pt",
      "sublead_eta",
      "sublead_phi",
      "all_pt"
    ],
    "loss": "sum[(1-y) w_e (exp f - 1) - y f], w_e=N_R0/N_R",
    "sampling": "Reference fixed; experimental = Poisson(20000), mixture with λ; replace=True"
  },
  "results": {
    "0.03": {
      "Ts": [
        654.4195556640625,
        670.4036865234375,
        807.9601440429688,
        704.3103637695312,
        723.6986694335938,
        774.9730224609375,
        649.3641357421875,
        628.6458740234375,
        569.822509765625,
        717.0502319335938,
        652.2266845703125,
        665.9139404296875,
        704.5759887695312,
        605.859130859375,
        681.742431640625,
        763.9833984375,
        721.1202392578125,
        823.7876586914062,
        779.2843017578125,
        815.0404052734375,
        721.44873046875,
        634.1695556640625,
        719.6297607421875,
        720.9693603515625,
        841.9036865234375,
        808.92822265625,
        564.4179077148438,
        829.01513671875,
        691.863037109375,
        790.2359008789062,
        791.6004638671875,
        852.3810424804688,
        671.2312622070312,
        527.5048217773438,
        685.6677856445312,
        661.8062744140625,
        676.961181640625,
        755.5091552734375,
        707.142578125,
        734.4844970703125,
        682.0813598632812,
        723.8271484375,
        808.5662841796875,
        790.74951171875,
        731.7951049804688,
        771.029296875,
        577.4981689453125,
        703.0405883789062,
        722.8883666992188,
        700.7613525390625
      ],
      "dof": 697
    }
  }
}