{
  "meta": {
    "seed": 718,
    "device": "cuda",
    "epochs": 30000,
    "lr": 0.001,
    "num_toys": 50,
    "lambdas": [
      0.05
    ],
    "input_dim": 15,
    "hidden_dim": [
      24,
      12
    ],
    "output_dim": 1,
    "df_fixed": 697,
    "input_csv": "C:\\Users\\郭嘉英\\OneDrive\\Desktop\\PHYSICAL_DATA_log.csv",
    "N_R": 40403,
    "N_R0": 20000,
    "clip_value": 0.22,
    "feature_cols": [
      "tau_pt",
      "tau_eta",
      "tau_phi",
      "lep_pt",
      "lep_eta",
      "lep_phi",
      "met",
      "met_phi",
      "met_sumet",
      "lead_pt",
      "lead_eta",
      "sublead_pt",
      "sublead_eta",
      "sublead_phi",
      "all_pt"
    ],
    "loss": "sum[(1-y) w_e (exp f - 1) - y f], w_e=N_R0/N_R",
    "sampling": "Reference fixed; experimental = Poisson(20000), mixture with λ; replace=True"
  },
  "results": {
    "0.05": {
      "Ts": [
        673.347900390625,
        718.7244873046875,
        763.271484375,
        722.9269409179688,
        771.8001708984375,
        797.277099609375,
        681.2637939453125,
        655.104248046875,
        657.573974609375,
        843.5902099609375,
        692.5227661132812,
        700.050048828125,
        807.9756469726562,
        698.4517211914062,
        690.2266845703125,
        778.3011474609375,
        783.8397216796875,
        873.0758666992188,
        871.1089477539062,
        896.7894287109375,
        885.9439086914062,
        670.6571044921875,
        867.3924560546875,
        746.3695068359375,
        931.3870849609375,
        812.37548828125,
        749.6072387695312,
        822.901123046875,
        815.6693115234375,
        878.65625,
        820.7998046875,
        820.7633056640625,
        743.3780517578125,
        728.825927734375,
        723.1372680664062,
        752.33154296875,
        761.6246948242188,
        821.7667236328125,
        802.231689453125,
        774.0709228515625,
        752.1264038085938,
        771.92529296875,
        787.5723266601562,
        754.00048828125,
        793.435546875,
        785.1141967773438,
        569.8427124023438,
        750.1026611328125,
        841.2764892578125,
        767.0369262695312
      ],
      "dof": 697
    }
  }
}