{
  "meta": {
    "df": 697,
    "n": 50,
    "ks_stat": 0.20440220064692743,
    "ks_p": 0.026165958149164004
  },
  "taus": [
    676.102,
    657.852,
    715.133,
    702.214,
    717.207,
    660.677,
    662.951,
    815.876,
    553.886,
    753.991,
    827.546,
    624.999,
    715.106,
    629.119,
    684.569,
    668.632,
    628.852,
    582.416,
    813.873,
    699.037,
    680.105,
    659.339,
    730.833,
    683.28,
    679.309,
    683.953,
    671.526,
    745.949,
    558.667,
    677.244,
    741.054,
    663.11,
    595.145,
    681.475,
    764.12,
    617.289,
    564.265,
    688.454,
    732.673,
    637.024,
    700.713,
    633.575,
    651.386,
    654.463,
    666.817,
    714.186,
    731.127,
    722.68,
    699.127,
    696.129
  ],
  "deltas": [
    0.0,
    3.275,
    0.564,
    0.0,
    1.584,
    3.753,
    0.0,
    0.0,
    0.0,
    0.0,
    0.0,
    3.279,
    0.0,
    6.765,
    0.0,
    0.0,
    0.0,
    0.0,
    0.0,
    1.59,
    0.0,
    8.42,
    0.0,
    4.057,
    0.0,
    0.0,
    0.0,
    0.0,
    0.0,
    0.0,
    0.0,
    0.0,
    0.176,
    0.0,
    0.0,
    0.0,
    0.0,
    0.0,
    0.0,
    1.098,
    0.0,
    0.0,
    0.0,
    4.36,
    4.458,
    6.268,
    0.0,
    0.0,
    1.066,
    0.462
  ],
  "T": [
    676.102,
    654.577,
    714.56,
    702.214,
    715.623,
    656.924,
    662.951,
    815.876,
    553.886,
    753.991,
    827.546,
    621.719,
    715.106,
    622.354,
    684.569,
    668.632,
    628.852,
    582.416,
    813.873,
    697.447,
    680.105,
    650.918,
    730.833,
    679.223,
    679.309,
    683.953,
    671.526,
    745.949,
    558.667,
    677.244,
    741.054,
    663.11,
    594.969,
    681.475,
    764.12,
    617.289,
    564.265,
    688.454,
    732.673,
    635.9,
    700.713,
    633.575,
    651.386,
    650.103,
    662.359,
    707.918,
    731.127,
    722.68,
    698.06,
    695.667
  ],
  "pvalues": [
    0.7079875888424609,
    0.8733140908465971,
    0.31410537419811413,
    0.43756382043622377,
    0.3042437142385702,
    0.8591986181412178,
    0.8184070937902612,
    0.0011961265301059232,
    0.9999805583709658,
    0.0662345510943283,
    0.0004550826943059416,
    0.9810442652452638,
    0.3090216276402481,
    0.980178882144801,
    0.6244022006469274,
    0.7741061850003695,
    0.9692837158574072,
    0.9993965964350965,
    0.0014027717926839989,
    0.48810303152771173,
    0.6694243145026687,
    0.8933576208721448,
    0.1814918970100705,
    0.6780832921139839,
    0.6772428085604649,
    0.6307215217417484,
    0.7494840006849448,
    0.09692174461810155,
    0.9999633004575595,
    0.6971847322776433,
    0.12025609307962593,
    0.8172430795724563,
    0.997886514340714,
    0.6558093708771051,
    0.03913907040814468,
    0.9862448981060883,
    0.9999251578210934,
    0.5839306648676814,
    0.1691821009387403,
    0.952432312235305,
    0.45338231129111173,
    0.9586473397178547,
    0.8909258375067888,
    0.8975012984624492,
    0.822701725582781,
    0.3787582049060666,
    0.17948683492091455,
    0.24279656675043426,
    0.4815631052253353,
    0.5071269237316088
  ]
}