{
  "meta": {
    "df": 697,
    "n": 50,
    "ks_stat": 0.1894401755971587,
    "ks_p": 0.04802868870450949
  },
  "taus": [
    742.676,
    670.654,
    780.613,
    721.407,
    671.177,
    712.571,
    710.776,
    803.946,
    624.136,
    691.363,
    735.635,
    691.907,
    795.651,
    573.099,
    715.437,
    718.944,
    690.628,
    703.217,
    785.44,
    845.515,
    722.671,
    657.522,
    721.43,
    649.972,
    628.508,
    576.182,
    770.22,
    743.496,
    690.586,
    740.771,
    677.411,
    838.199,
    525.493,
    839.541,
    703.035,
    683.251,
    582.032,
    753.219,
    773.831,
    721.445,
    739.968,
    692.528,
    708.807,
    662.299,
    694.386,
    833.139,
    721.167,
    644.876,
    708.947,
    745.119
  ],
  "deltas": [
    0.0,
    0.67,
    3.243,
    0.0,
    2.331,
    8.423,
    0.0,
    0.0,
    0.0,
    0.0,
    0.0,
    5.376,
    0.0,
    4.328,
    0.0,
    0.0,
    0.0,
    0.0,
    2.482,
    0.0,
    0.0,
    6.283,
    0.0,
    7.356,
    0.0,
    0.0,
    0.0,
    5.675,
    0.0,
    2.778,
    0.0,
    0.0,
    0.0,
    0.0,
    0.0,
    4.951,
    0.0,
    0.0,
    0.0,
    0.475,
    0.0,
    0.0,
    0.0,
    3.032,
    0.933,
    3.12,
    0.0,
    0.0,
    0.0,
    0.0
  ],
  "T": [
    742.676,
    669.984,
    777.37,
    721.407,
    668.846,
    704.149,
    710.776,
    803.946,
    624.136,
    691.363,
    735.635,
    686.531,
    795.651,
    568.771,
    715.437,
    718.944,
    690.628,
    703.217,
    782.958,
    845.515,
    722.671,
    651.239,
    721.43,
    642.617,
    628.508,
    576.182,
    770.22,
    737.822,
    690.586,
    737.993,
    677.411,
    838.199,
    525.493,
    839.541,
    703.035,
    678.3,
    582.032,
    753.219,
    773.831,
    720.97,
    739.968,
    692.528,
    708.807,
    659.266,
    693.453,
    830.019,
    721.167,
    644.876,
    708.947,
    745.119
  ],
  "p_values": [
    0.11211020683334028,
    0.7627683634735913,
    0.0181877549791839,
    0.25333425146919974,
    0.7723312500527674,
    0.4173541814439371,
    0.350342816130812,
    0.0030035582324772214,
    0.9775729689765769,
    0.5531085187992484,
    0.15055982440284132,
    0.6040846835771356,
    0.005470119241450577,
    0.9998703351032049,
    0.30595860156625854,
    0.2744223335661342,
    0.5609259487165065,
    0.4270597947464183,
    0.012821533831075094,
    9.076166152022225e-05,
    0.2428701824930356,
    0.8916937956816617,
    0.2531416407371312,
    0.930336491968665,
    0.9699623690909353,
    0.9996940837126606,
    0.027806785728374805,
    0.13774952994360723,
    0.5613721390912332,
    0.13678125507539218,
    0.6955911262370741,
    0.00017814753726619337,
    0.9999997383683782,
    0.00015770772577328174,
    0.42896145813490394,
    0.6870502253082358,
    0.9994206811049725,
    0.06879757336514991,
    0.02251286218370485,
    0.25700922486886446,
    0.12594499531954872,
    0.540687851866009,
    0.3698323495562068,
    0.8441232278700816,
    0.5308069399693465,
    0.0003677723435325797,
    0.2553489344529871,
    0.9213922973595575,
    0.3684336087965766,
    0.10061819770496716
  ]
}