{
  "meta": {
    "df": 697,
    "n_toys": 50,
    "lambda": 0.05,
    "description": "Tau/Delta/T parsed from user log; p-values computed vs chi-square(df=697)."
  },
  "results": {
    "tau": [
      876.753,
      773.896,
      749.301,
      789.279,
      733.493,
      720.413,
      788.297,
      832.441,
      809.223,
      732.841,
      874.939,
      752.104,
      810.944,
      656.17,
      722.696,
      681.121,
      716.175,
      762.766,
      923.896,
      873.904,
      800.147,
      778.995,
      867.604,
      759.606,
      819.798,
      674.576,
      831.922,
      828.287,
      719.47,
      734.957,
      798.702,
      821.896,
      602.447,
      788.892,
      743.97,
      711.456,
      667.924,
      768.803,
      837.186,
      859.833,
      791.875,
      742.365,
      859.813,
      743.348,
      770.991,
      777.541,
      778.658,
      788.459,
      815.858,
      833.086
    ],
    "Delta": [
      0.0,
      2.547,
      3.99,
      0.0,
      1.36,
      8.846,
      0.0,
      0.0,
      0.0,
      0.0,
      0.0,
      7.004,
      0.0,
      5.492,
      0.0,
      0.0,
      0.0,
      0.0,
      2.638,
      0.0,
      0.0,
      5.52,
      0.0,
      7.818,
      0.0,
      0.0,
      0.0,
      6.724,
      0.0,
      0.739,
      0.0,
      0.0,
      0.0,
      0.0,
      0.0,
      3.855,
      0.0,
      0.0,
      0.0,
      1.477,
      0.0,
      0.0,
      0.0,
      2.144,
      2.658,
      3.317,
      0.0,
      0.0,
      0.243,
      0.0
    ],
    "T": [
      876.753,
      771.35,
      745.311,
      789.279,
      732.133,
      711.567,
      788.297,
      832.441,
      809.223,
      732.841,
      874.939,
      745.1,
      810.944,
      650.677,
      722.696,
      681.121,
      716.175,
      762.766,
      921.258,
      873.904,
      800.147,
      773.476,
      867.604,
      751.788,
      819.798,
      674.576,
      831.922,
      821.564,
      719.47,
      734.217,
      798.702,
      821.896,
      602.447,
      788.892,
      743.97,
      707.602,
      667.924,
      768.803,
      837.186,
      858.356,
      791.875,
      742.365,
      859.813,
      741.204,
      768.334,
      774.224,
      778.658,
      788.459,
      815.615,
      833.086
    ],
    "p_values": [
      3.893274911792588e-06,
      0.0260468292006919,
      0.09975385970220707,
      0.008473058258911093,
      0.17273578862785344,
      0.34262957244833314,
      0.00904802060583998,
      0.00029769725477002407,
      0.002015760105448239,
      0.1680865023296091,
      4.729372907297247e-06,
      0.10070403535438976,
      0.0017647807103815527,
      0.8945949610836346,
      0.24266572564670308,
      0.6593459171162018,
      0.2991815016348782,
      0.04211697240125256,
      2.141217603224277e-08,
      5.2812194071272245e-06,
      0.003969075515178222,
      0.022991854128202593,
      1.0236392604778821e-05,
      0.07375476503602074,
      0.0008706708901733418,
      0.7221546006058726,
      0.0003115637746903266,
      0.0007528599480391973,
      0.2698429007288784,
      0.1592914080042077,
      0.004404848772597836,
      0.0007324409202441595,
      0.9958416078710153,
      0.008695646982133876,
      0.10590828973748811,
      0.38194868516096203,
      0.7799249642322872,
      0.03015532741341087,
      0.00019520596957733893,
      2.6206491007707555e-05,
      0.007106650367333489,
      0.11363981563029901,
      2.2655548218675214e-05,
      0.11948521927981637,
      0.030968642029752358,
      0.021992603492861584,
      0.016802825709882785,
      0.008950844868015007,
      0.0012213570958753417,
      0.00028127219840923257
    ]
  }
}