{
  "meta": {
    "df": 697,
    "n_toys": 50,
    "ks_stat": 0.8767482157506999,
    "ks_pvalue": 7.352883080527657e-46,
    "notes": "p-values computed as 1 - chi2.cdf(T, df=697)"
  },
  "taus": [
    886.858,
    817.534,
    961.133,
    900.661,
    718.334,
    886.877,
    867.554,
    954.067,
    822.113,
    911.133,
    1000.775,
    861.203,
    890.461,
    694.991,
    861.206,
    789.733,
    844.269,
    902.327,
    1004.649,
    930.618,
    1004.478,
    894.344,
    924.129,
    848.869,
    873.131,
    868.995,
    967.597,
    788.003,
    808.67,
    842.888,
    865.251,
    877.087,
    705.354,
    846.744,
    842.35,
    694.921,
    807.773,
    924.775,
    952.618,
    906.324,
    829.818,
    773.286,
    935.434,
    881.694,
    756.101,
    838.017,
    893.082,
    780.173,
    951.831,
    908.001
  ],
  "deltas": [
    0.0,
    5.454,
    4.302,
    0.0,
    1.596,
    9.035,
    0.0,
    1.079,
    0.0,
    0.0,
    0.0,
    7.845,
    0.0,
    5.379,
    0.0,
    0.0,
    0.0,
    0.0,
    0.641,
    0.0,
    0.0,
    4.26,
    0.0,
    6.518,
    0.0,
    0.0,
    0.0,
    5.156,
    0.0,
    4.234,
    0.0,
    0.0,
    0.0,
    0.0,
    0.0,
    4.593,
    0.0,
    0.0,
    0.0,
    1.917,
    0.0,
    0.0,
    0.0,
    3.309,
    3.573,
    3.202,
    0.666,
    0.0,
    2.37,
    0.0
  ],
  "T": [
    886.858,
    812.08,
    956.831,
    900.661,
    716.738,
    877.842,
    867.554,
    952.988,
    822.113,
    911.133,
    1000.775,
    853.358,
    890.461,
    689.612,
    861.206,
    789.733,
    844.269,
    902.327,
    1004.008,
    930.618,
    1004.478,
    890.084,
    924.129,
    842.351,
    873.131,
    868.995,
    967.597,
    782.847,
    808.67,
    838.654,
    865.251,
    877.087,
    705.354,
    846.744,
    842.35,
    690.327,
    807.773,
    924.775,
    952.618,
    904.407,
    829.818,
    773.286,
    935.434,
    878.385,
    752.528,
    834.815,
    892.416,
    780.173,
    949.461,
    908.001
  ],
  "pvalues": [
    1.283847584798714e-06,
    0.0016152261234329002,
    1.903278645798423e-10,
    2.632250737377717e-07,
    0.2940607952390193,
    3.4617812018078453e-06,
    1.0289589222001183e-05,
    3.243953994314097e-10,
    0.0007193747195820555,
    7.508606003625573e-08,
    2.9387603461827894e-13,
    4.287548871018121e-05,
    8.554510807501359e-07,
    0.5717015375970722,
    1.96941142426299e-05,
    0.008218408940618871,
    0.00010198407748862603,
    2.162491054003013e-07,
    1.7774670624248756e-13,
    6.47642017792549e-09,
    1.652011860642233e-13,
    8.928013333076024e-07,
    1.4891812671891103e-08,
    0.00012186203344843882,
    5.733250476813723e-06,
    8.857916653504105e-06,
    4.152067578644392e-11,
    0.01291284751990307,
    0.002103115772748687,
    0.0001709524939409457,
    1.304877965102591e-05,
    3.755708787966938e-06,
    0.4048932468183205,
    8.084689814857882e-05,
    0.00012187329467239216,
    0.5641223015804132,
    0.0022522277156894477,
    1.3717257996148646e-08,
    3.4138558646645834e-10,
    1.6891790277639984e-07,
    0.0003742350851921872,
    0.023251784249300078,
    3.454445396400274e-09,
    3.2642228904311565e-06,
    0.0711574667224888,
    0.00024134677334319843,
    6.847590375835821e-07,
    0.01529191969589594,
    5.266421743144178e-10,
    1.0977708020387666e-07
  ]
}