{
  "meta": {
    "seed": 718,
    "device": "cuda",
    "epochs": 125000,
    "lr": 0.001,
    "NR0": 2000,
    "N_R": 200000,
    "num_toys": 100,
    "clip_values": [
      9
    ],
    "lambdas": [
      0.01
    ],
    "input_dim": 1,
    "hidden_dim": 4,
    "output_dim": 1,
    "df_fixed": 13,
    "training": "unified Z=R∪W with labels y∈{0,1}",
    "loss": "sum[(1-y) w_e (exp f - 1) - y f], w_e=NR0/N_R"
  },
  "results": [
    {
      "clip": 9,
      "lambda": 0.01,
      "n": 100,
      "mean_T": 12.154369759559632,
      "std_T": 5.0691089185707146,
      "T": [
        12.784534454345703,
        3.650859832763672,
        18.950515747070312,
        9.248671531677246,
        10.562156677246094,
        17.89929962158203,
        5.392097473144531,
        11.056144714355469,
        10.948455810546875,
        6.611444473266602,
        7.815032958984375,
        19.72968292236328,
        12.8748779296875,
        13.589759826660156,
        14.326400756835938,
        7.6900787353515625,
        12.454750061035156,
        6.2759246826171875,
        10.957763671875,
        12.073719024658203,
        15.984539031982422,
        9.067258834838867,
        13.5975341796875,
        8.082206726074219,
        18.043289184570312,
        8.734508514404297,
        6.292991638183594,
        13.425811767578125,
        16.90045166015625,
        8.780555725097656,
        11.77837085723877,
        21.994945526123047,
        16.46715545654297,
        13.803520202636719,
        25.602073669433594,
        19.293045043945312,
        20.600738525390625,
        12.298341751098633,
        5.218027114868164,
        13.630882263183594,
        7.816413879394531,
        7.0686187744140625,
        19.164024353027344,
        10.490291595458984,
        15.8255615234375,
        9.037071228027344,
        8.421390533447266,
        20.235443115234375,
        9.124969482421875,
        10.533634185791016,
        8.257034301757812,
        8.387916564941406,
        6.21282958984375,
        9.268074989318848,
        5.688907623291016,
        10.119354248046875,
        6.819393157958984,
        13.046287536621094,
        14.655441284179688,
        13.570228576660156,
        22.53545379638672,
        7.585984706878662,
        4.562633514404297,
        9.76137924194336,
        13.526833534240723,
        30.515539169311523,
        10.681894302368164,
        6.137866973876953,
        17.819381713867188,
        15.52935791015625,
        15.027999877929688,
        22.412918090820312,
        11.375856399536133,
        11.540206909179688,
        9.235431671142578,
        5.949176788330078,
        13.656211853027344,
        8.332160949707031,
        10.366256713867188,
        10.130970001220703,
        9.595298767089844,
        7.248505592346191,
        14.60098648071289,
        10.738300323486328,
        13.003021240234375,
        14.713821411132812,
        19.87024688720703,
        11.601509094238281,
        7.1207427978515625,
        8.929283142089844,
        14.742210388183594,
        19.859182357788086,
        6.054473876953125,
        11.818450927734375,
        6.5437164306640625,
        6.524646759033203,
        19.632904052734375,
        13.134340286254883,
        12.97113037109375,
        11.819385528564453
      ]
    }
  ]
}