{
  "meta": {
    "seed": 718,
    "device": "cuda",
    "epochs": 125000,
    "lr": 0.001,
    "NR0": 2000,
    "N_R": 200000,
    "num_toys": 100,
    "clip_values": [
      9
    ],
    "lambdas": [
      0.1
    ],
    "input_dim": 1,
    "hidden_dim": 4,
    "output_dim": 1,
    "df_fixed": 13,
    "training": "unified Z=R∪W with labels y∈{0,1}",
    "loss": "sum[(1-y) w_e (exp f - 1) - y f], w_e=NR0/N_R"
  },
  "results": [
    {
      "clip": 9,
      "lambda": 0.1,
      "n": 100,
      "mean_T": 16.928364629745484,
      "std_T": 5.893211286209992,
      "T": [
        16.05402374267578,
        8.621994018554688,
        33.276390075683594,
        24.34522247314453,
        12.067596435546875,
        18.763912200927734,
        9.887748718261719,
        34.61512756347656,
        15.047438621520996,
        29.10157012939453,
        6.241785049438477,
        17.813079833984375,
        16.479736328125,
        17.06779670715332,
        26.743728637695312,
        17.995994567871094,
        14.519081115722656,
        8.631454467773438,
        7.004398345947266,
        24.523578643798828,
        16.460220336914062,
        14.010265350341797,
        24.747161865234375,
        25.305240631103516,
        33.54275894165039,
        13.715778350830078,
        16.664627075195312,
        8.933265686035156,
        23.796798706054688,
        10.520102500915527,
        9.214714050292969,
        20.631851196289062,
        10.113839149475098,
        12.028861999511719,
        18.79932403564453,
        22.452001571655273,
        14.721948623657227,
        17.407230377197266,
        15.581820487976074,
        8.263206481933594,
        17.54242706298828,
        16.450302124023438,
        17.247467041015625,
        14.836666107177734,
        13.732147216796875,
        17.185745239257812,
        7.147305488586426,
        9.924124717712402,
        19.655414581298828,
        19.04313850402832,
        10.786209106445312,
        18.892990112304688,
        14.699531555175781,
        18.990341186523438,
        18.80846405029297,
        12.80473518371582,
        13.989538192749023,
        25.755449295043945,
        14.757980346679688,
        20.83281707763672,
        16.125394821166992,
        21.229183197021484,
        24.6917724609375,
        20.27484130859375,
        14.57213020324707,
        23.595046997070312,
        16.101848602294922,
        15.890693664550781,
        26.564590454101562,
        11.693096160888672,
        19.588783264160156,
        14.10146713256836,
        16.98421859741211,
        12.155628204345703,
        10.953605651855469,
        14.144550323486328,
        19.214401245117188,
        13.664533615112305,
        17.225173950195312,
        13.093018531799316,
        16.282970428466797,
        21.775634765625,
        15.608846664428711,
        21.44232177734375,
        13.53900146484375,
        10.495206832885742,
        12.448493957519531,
        20.402725219726562,
        8.337509155273438,
        14.302055358886719,
        14.970404624938965,
        11.419564247131348,
        21.6141357421875,
        24.919361114501953,
        11.314788818359375,
        17.81782341003418,
        15.471973419189453,
        23.047080993652344,
        11.759651184082031,
        25.20746612548828
      ]
    }
  ]
}