{
  "meta": {
    "seed": 718,
    "device": "cuda",
    "epochs": 125000,
    "lr": 0.001,
    "NR0": 2000,
    "N_R": 200000,
    "num_toys": 100,
    "clip_values": [
      9
    ],
    "lambdas": [
      0.05
    ],
    "input_dim": 1,
    "hidden_dim": 4,
    "output_dim": 1,
    "df_fixed": 13,
    "training": "unified Z=R∪W with labels y∈{0,1}",
    "loss": "sum[(1-y) w_e (exp f - 1) - y f], w_e=NR0/N_R"
  },
  "results": [
    {
      "clip": 9,
      "lambda": 0.05,
      "n": 100,
      "mean_T": 14.472388725280762,
      "std_T": 5.757401390900298,
      "T": [
        11.17861557006836,
        6.694854736328125,
        20.614532470703125,
        24.37586212158203,
        7.978515625,
        6.9606781005859375,
        14.137321472167969,
        34.222373962402344,
        9.6797456741333,
        18.58612060546875,
        7.563619613647461,
        14.382606506347656,
        5.592010498046875,
        16.765525817871094,
        12.452796936035156,
        13.25082015991211,
        8.085620880126953,
        11.964624404907227,
        8.324949264526367,
        10.912738800048828,
        26.16345977783203,
        22.539657592773438,
        14.920313835144043,
        21.270584106445312,
        12.031761169433594,
        9.134635925292969,
        9.934476852416992,
        12.102701187133789,
        21.5626277923584,
        13.664131164550781,
        19.034608840942383,
        25.49332046508789,
        13.626396179199219,
        21.23358917236328,
        30.870079040527344,
        10.844184875488281,
        17.370784759521484,
        13.545313835144043,
        4.5999755859375,
        15.551563262939453,
        16.29010009765625,
        10.139671325683594,
        16.353614807128906,
        15.352285385131836,
        7.120628356933594,
        11.275009155273438,
        5.557706832885742,
        7.160024642944336,
        14.984987258911133,
        12.09858226776123,
        6.808322906494141,
        9.569348335266113,
        13.105064392089844,
        21.61209487915039,
        13.259414672851562,
        15.826637268066406,
        12.864840507507324,
        22.972299575805664,
        17.17041778564453,
        16.841670989990234,
        9.654958724975586,
        14.57093620300293,
        20.96417999267578,
        16.765769958496094,
        13.843193054199219,
        17.34508514404297,
        10.988273620605469,
        13.54476547241211,
        23.59691619873047,
        9.270101547241211,
        12.277141571044922,
        16.47647476196289,
        14.23788833618164,
        11.405946731567383,
        21.941482543945312,
        11.011802673339844,
        16.9951171875,
        20.4447021484375,
        15.697713851928711,
        10.19149398803711,
        9.72817611694336,
        16.458145141601562,
        4.763240814208984,
        21.950408935546875,
        13.906661987304688,
        18.796356201171875,
        14.58657455444336,
        12.2879638671875,
        5.888271331787109,
        12.394214630126953,
        19.067298889160156,
        15.460273742675781,
        14.670150756835938,
        11.569862365722656,
        22.258153915405273,
        6.739864349365234,
        24.174976348876953,
        14.467687606811523,
        8.108295440673828,
        13.15753173828125
      ]
    }
  ]
}