{
  "meta": {
    "seed": 718,
    "device": "cuda",
    "epochs": 125000,
    "lr": 0.001,
    "NR0": 2000,
    "N_R": 200000,
    "num_toys": 100,
    "clip_values": [
      9
    ],
    "lambdas": [
      0.3
    ],
    "input_dim": 1,
    "hidden_dim": 4,
    "output_dim": 1,
    "df_fixed": 13,
    "training": "unified Z=R∪W with labels y∈{0,1}",
    "loss": "sum[(1-y) w_e (exp f - 1) - y f], w_e=NR0/N_R"
  },
  "results": [
    {
      "clip": 9,
      "lambda": 0.3,
      "n": 100,
      "mean_T": 60.92261245727539,
      "std_T": 16.371627929333613,
      "T": [
        54.546546936035156,
        40.73809814453125,
        77.04704284667969,
        78.42860412597656,
        57.845306396484375,
        53.35462188720703,
        36.75916290283203,
        91.98209381103516,
        100.81571197509766,
        79.20028686523438,
        39.232704162597656,
        58.997615814208984,
        68.17411804199219,
        70.61270141601562,
        89.93146514892578,
        62.37245559692383,
        60.08756637573242,
        43.58941650390625,
        53.47154998779297,
        58.51720428466797,
        51.98516845703125,
        56.039276123046875,
        68.65670013427734,
        70.90878295898438,
        91.68521118164062,
        53.004371643066406,
        55.40779113769531,
        41.858116149902344,
        81.41448974609375,
        64.04353332519531,
        46.67656707763672,
        54.04363250732422,
        26.448020935058594,
        55.83945846557617,
        53.62295150756836,
        67.53461456298828,
        61.24515914916992,
        60.99656295776367,
        64.57886505126953,
        43.875701904296875,
        62.6378173828125,
        64.49646759033203,
        66.13824462890625,
        50.765167236328125,
        60.48047637939453,
        70.32744598388672,
        43.73662185668945,
        88.5087890625,
        80.11338806152344,
        58.34357452392578,
        51.93598937988281,
        41.98213195800781,
        39.98677444458008,
        97.95011901855469,
        51.89634704589844,
        37.39518356323242,
        90.75851440429688,
        31.383594512939453,
        60.352840423583984,
        48.34498596191406,
        74.52163696289062,
        56.64683532714844,
        64.26614379882812,
        69.56327819824219,
        51.191162109375,
        53.79576110839844,
        84.63337707519531,
        51.42448806762695,
        78.48943328857422,
        72.87979125976562,
        73.48216247558594,
        49.03202819824219,
        56.858924865722656,
        40.15910339355469,
        75.6132583618164,
        59.09535217285156,
        49.46282958984375,
        59.26734161376953,
        55.757667541503906,
        57.337520599365234,
        60.483978271484375,
        55.217002868652344,
        82.3232421875,
        67.03362274169922,
        59.94049072265625,
        112.76374816894531,
        54.590084075927734,
        42.04734420776367,
        36.280540466308594,
        81.32490539550781,
        54.47935485839844,
        23.79574966430664,
        52.66160583496094,
        44.49351501464844,
        79.2420425415039,
        51.60753631591797,
        71.62821960449219,
        65.05968475341797,
        67.17214965820312,
        53.534610748291016
      ]
    }
  ]
}