{
  "meta": {
    "seed": 718,
    "device": "cuda",
    "epochs": 125000,
    "lr": 0.001,
    "NR0": 2000,
    "N_R": 200000,
    "num_toys": 100,
    "clip_values": [
      9
    ],
    "lambdas": [
      0
    ],
    "input_dim": 1,
    "hidden_dim": 4,
    "output_dim": 1,
    "df_fixed": 13,
    "training": "unified Z=R∪W with labels y∈{0,1}",
    "loss": "sum[(1-y) w_e (exp f - 1) - y f], w_e=NR0/N_R"
  },
  "results": [
    {
      "clip": 9,
      "lambda": 0.0,
      "n": 100,
      "mean_T": 12.007818660736085,
      "std_T": 4.797986415717553,
      "T": [
        12.081260681152344,
        5.140296936035156,
        19.804046630859375,
        9.04076099395752,
        10.790618896484375,
        19.264799118041992,
        6.022785186767578,
        9.741264343261719,
        10.609668731689453,
        9.643308639526367,
        8.129562377929688,
        18.436840057373047,
        12.232608795166016,
        12.93801498413086,
        15.538475036621094,
        7.809337615966797,
        12.599151611328125,
        6.245908737182617,
        11.531494140625,
        12.030139923095703,
        15.423391342163086,
        9.490457534790039,
        12.154617309570312,
        7.9279937744140625,
        20.610763549804688,
        8.604366302490234,
        6.544120788574219,
        14.748497009277344,
        15.356769561767578,
        10.674245834350586,
        10.100446701049805,
        20.700401306152344,
        15.68902587890625,
        12.036849975585938,
        25.304256439208984,
        18.77178955078125,
        22.61811065673828,
        11.319547653198242,
        3.106046676635742,
        14.505145072937012,
        8.771366119384766,
        7.631736755371094,
        10.879707336425781,
        12.232650756835938,
        16.94903564453125,
        7.6157989501953125,
        7.203529357910156,
        19.855026245117188,
        8.689529418945312,
        11.186653137207031,
        7.126636505126953,
        8.717842102050781,
        7.555381774902344,
        9.787666320800781,
        5.874782562255859,
        10.318603515625,
        7.484928131103516,
        9.523017883300781,
        14.941787719726562,
        16.390275955200195,
        21.546142578125,
        8.555159568786621,
        5.999755859375,
        10.103382110595703,
        10.309465408325195,
        25.505382537841797,
        8.967928886413574,
        6.484325408935547,
        17.226211547851562,
        13.966102600097656,
        15.965545654296875,
        23.34729766845703,
        14.6510009765625,
        10.784505844116211,
        9.344623565673828,
        6.330402374267578,
        16.652729034423828,
        9.004020690917969,
        12.510360717773438,
        13.05405044555664,
        6.417598724365234,
        7.4029388427734375,
        11.042531967163086,
        10.26424789428711,
        13.7305908203125,
        13.815132141113281,
        7.998868942260742,
        13.763263702392578,
        8.873291015625,
        12.847320556640625,
        14.02286148071289,
        19.985431671142578,
        7.262184143066406,
        8.381759643554688,
        7.6141357421875,
        7.293041229248047,
        19.9833984375,
        13.235923767089844,
        10.086612701416016,
        12.39919662475586
      ]
    }
  ]
}