{
  "meta": {
    "seed": 718,
    "device": "cuda",
    "epochs": 15000,
    "lr": 0.001,
    "NR0": 8000,
    "N_R": 40000,
    "num_toys": 200,
    "clip_values": [
      0.48
    ],
    "lambdas": [
      0.05
    ],
    "input_dim": 5,
    "hidden_sizes": [
      10,
      10
    ],
    "output_dim": 1,
    "df_fixed": 181,
    "training": "unified Z=R∪W with labels y∈{0,1}",
    "loss": "sum[(1-y) w_e (exp f - 1) - y f], w_e=NR0/N_R"
  },
  "results": [
    {
      "clip": 0,
      "lambda": 0.05,
      "n": 200,
      "mean_T": 221.1165421295166,
      "std_T": 25.378444932931693,
      "T": [
        226.69027709960938,
        259.6324157714844,
        250.46337890625,
        228.68408203125,
        203.50338745117188,
        182.01040649414062,
        205.84622192382812,
        245.400146484375,
        226.40370178222656,
        181.3154296875,
        159.93365478515625,
        246.27281188964844,
        248.78997802734375,
        201.90838623046875,
        236.27005004882812,
        213.98388671875,
        159.07913208007812,
        203.7755126953125,
        209.14547729492188,
        213.34823608398438,
        213.05653381347656,
        205.08932495117188,
        246.32080078125,
        233.22601318359375,
        244.53872680664062,
        250.1301727294922,
        241.33578491210938,
        229.647705078125,
        199.49725341796875,
        192.57095336914062,
        189.2484130859375,
        269.1246337890625,
        208.06704711914062,
        221.8905029296875,
        209.21437072753906,
        186.87876892089844,
        243.29013061523438,
        243.25827026367188,
        202.09188842773438,
        244.62777709960938,
        264.66998291015625,
        232.59678649902344,
        226.6199188232422,
        217.67137145996094,
        230.49530029296875,
        235.82382202148438,
        226.94979858398438,
        204.62576293945312,
        202.9100799560547,
        191.38580322265625,
        213.53445434570312,
        230.83412170410156,
        236.30801391601562,
        191.88966369628906,
        208.08413696289062,
        218.3109130859375,
        254.073486328125,
        212.50978088378906,
        181.9661865234375,
        233.7047576904297,
        218.5670166015625,
        210.60671997070312,
        186.52914428710938,
        229.1107177734375,
        186.61224365234375,
        187.51162719726562,
        222.8758087158203,
        233.1334228515625,
        198.48631286621094,
        198.29356384277344,
        225.97714233398438,
        253.37315368652344,
        266.0964050292969,
        237.4851837158203,
        194.91073608398438,
        243.69007873535156,
        176.4445037841797,
        159.64688110351562,
        211.89462280273438,
        211.63934326171875,
        223.81689453125,
        252.29769897460938,
        228.35740661621094,
        198.60137939453125,
        243.50222778320312,
        244.75973510742188,
        233.15577697753906,
        235.3331298828125,
        240.09793090820312,
        257.20111083984375,
        251.5035858154297,
        252.7209014892578,
        236.552001953125,
        231.88372802734375,
        222.84225463867188,
        236.05369567871094,
        232.97113037109375,
        225.93539428710938,
        210.21554565429688,
        199.04544067382812,
        226.7742919921875,
        230.77407836914062,
        149.66571044921875,
        251.48126220703125,
        240.16065979003906,
        253.6815185546875,
        230.9279327392578,
        176.74819946289062,
        220.04010009765625,
        217.6265106201172,
        201.20382690429688,
        213.22171020507812,
        198.64794921875,
        250.72177124023438,
        207.209716796875,
        198.47665405273438,
        242.5209197998047,
        206.21568298339844,
        205.82965087890625,
        208.1154327392578,
        201.44845581054688,
        185.70816040039062,
        233.20989990234375,
        236.78997802734375,
        209.66163635253906,
        198.59317016601562,
        279.6026611328125,
        193.00021362304688,
        231.12911987304688,
        209.6519775390625,
        235.48094177246094,
        235.71084594726562,
        227.09031677246094,
        215.91659545898438,
        277.156005859375,
        225.88851928710938,
        206.48825073242188,
        199.89450073242188,
        214.86553955078125,
        194.3329620361328,
        258.57025146484375,
        184.73126220703125,
        262.61614990234375,
        220.75454711914062,
        245.7578582763672,
        200.9438934326172,
        278.4383544921875,
        251.66929626464844,
        230.1546630859375,
        234.85882568359375,
        196.00369262695312,
        242.4174346923828,
        203.93515014648438,
        253.86627197265625,
        263.19940185546875,
        190.046875,
        220.2923583984375,
        157.00015258789062,
        197.06320190429688,
        237.56723022460938,
        205.83770751953125,
        215.24215698242188,
        195.3968048095703,
        240.2186737060547,
        242.421630859375,
        256.3352966308594,
        242.03607177734375,
        179.74859619140625,
        242.8544158935547,
        242.1927947998047,
        267.35955810546875,
        215.5973663330078,
        226.28054809570312,
        258.5989990234375,
        238.21298217773438,
        201.97885131835938,
        215.5733642578125,
        178.43331909179688,
        231.83456420898438,
        217.56350708007812,
        184.517333984375,
        216.30990600585938,
        230.09495544433594,
        195.2477264404297,
        163.60516357421875,
        225.24525451660156,
        190.0477752685547,
        249.33680725097656,
        200.41604614257812,
        211.37701416015625,
        238.94613647460938,
        217.75148010253906,
        188.0531768798828,
        223.4907989501953,
        255.8111572265625,
        219.19972229003906,
        226.63414001464844,
        224.09918212890625,
        233.5295867919922,
        244.0702667236328
      ]
    }
  ]
}