{
  "meta": {
    "seed": 718,
    "device": "cuda",
    "epochs": 15000,
    "lr": 0.001,
    "NR0": 8000,
    "N_R": 40000,
    "num_toys": 200,
    "clip_values": [
      0.48
    ],
    "lambdas": [
      0.03
    ],
    "input_dim": 5,
    "hidden_sizes": [
      10,
      10
    ],
    "output_dim": 1,
    "df_fixed": 181,
    "training": "unified Z=R∪W with labels y∈{0,1}",
    "loss": "sum[(1-y) w_e (exp f - 1) - y f], w_e=NR0/N_R"
  },
  "results": [
    {
      "clip": 0,
      "lambda": 0.03,
      "n": 200,
      "mean_T": 195.30037704467773,
      "std_T": 21.644669045587637,
      "T": [
        207.08193969726562,
        202.24795532226562,
        213.06918334960938,
        187.3682861328125,
        179.80221557617188,
        184.94430541992188,
        189.93646240234375,
        221.67044067382812,
        187.7735595703125,
        159.33409118652344,
        176.08944702148438,
        202.96429443359375,
        195.20867919921875,
        205.58892822265625,
        233.42007446289062,
        147.35150146484375,
        167.68521118164062,
        179.9359130859375,
        195.28936767578125,
        189.72772216796875,
        179.63638305664062,
        187.2247314453125,
        202.46810913085938,
        201.517578125,
        201.2909393310547,
        193.01356506347656,
        212.27685546875,
        223.97154235839844,
        190.91661071777344,
        182.41925048828125,
        140.73806762695312,
        202.6639862060547,
        182.44827270507812,
        206.14784240722656,
        149.56356811523438,
        165.08193969726562,
        180.55255126953125,
        210.98919677734375,
        170.5205078125,
        231.27099609375,
        224.31008911132812,
        205.02020263671875,
        188.96792602539062,
        162.6546630859375,
        202.74234008789062,
        211.00323486328125,
        204.1427001953125,
        175.686279296875,
        181.46340942382812,
        169.12393188476562,
        201.43069458007812,
        193.9755401611328,
        194.0777587890625,
        177.994140625,
        185.19351196289062,
        189.51638793945312,
        226.45848083496094,
        199.55422973632812,
        174.5117645263672,
        191.31655883789062,
        195.23297119140625,
        172.46072387695312,
        170.18353271484375,
        223.28536987304688,
        175.63377380371094,
        176.205078125,
        210.93382263183594,
        240.59475708007812,
        171.39154052734375,
        218.07614135742188,
        194.12164306640625,
        165.42068481445312,
        233.12657165527344,
        179.79257202148438,
        197.10316467285156,
        200.4033203125,
        158.73052978515625,
        196.0940704345703,
        175.24081420898438,
        182.8206329345703,
        222.95252990722656,
        214.41094970703125,
        202.7400360107422,
        168.34552001953125,
        235.14437866210938,
        229.7149658203125,
        215.10340881347656,
        230.74908447265625,
        203.03826904296875,
        210.31419372558594,
        212.46633911132812,
        233.6007843017578,
        217.924560546875,
        166.98782348632812,
        145.64535522460938,
        202.6887664794922,
        174.23423767089844,
        192.7849578857422,
        197.88671875,
        205.64788818359375,
        176.5220947265625,
        206.57305908203125,
        147.7093505859375,
        230.4176025390625,
        205.398193359375,
        238.1024169921875,
        177.48178100585938,
        201.50949096679688,
        210.87440490722656,
        182.80560302734375,
        175.52734375,
        170.63734436035156,
        205.5915069580078,
        184.24517822265625,
        173.160888671875,
        219.22134399414062,
        201.05772399902344,
        208.00572204589844,
        166.68426513671875,
        195.243896484375,
        206.19357299804688,
        165.7019500732422,
        202.89991760253906,
        234.1270751953125,
        177.77987670898438,
        199.51119995117188,
        209.45973205566406,
        216.95013427734375,
        220.4278106689453,
        212.19601440429688,
        196.2321319580078,
        181.71278381347656,
        204.27415466308594,
        229.6096649169922,
        236.33929443359375,
        197.55502319335938,
        195.64004516601562,
        175.2388153076172,
        211.8079833984375,
        188.54205322265625,
        204.0747528076172,
        211.44155883789062,
        212.24533081054688,
        191.326171875,
        215.8932647705078,
        187.91868591308594,
        201.47421264648438,
        219.6838836669922,
        185.64236450195312,
        209.42019653320312,
        210.266845703125,
        201.28848266601562,
        189.59564208984375,
        168.11282348632812,
        166.6676788330078,
        195.5407257080078,
        170.357421875,
        156.03863525390625,
        206.40859985351562,
        175.48577880859375,
        179.89047241210938,
        225.83612060546875,
        184.24449157714844,
        216.93392944335938,
        173.73654174804688,
        211.4755859375,
        157.2222442626953,
        212.98550415039062,
        220.3867950439453,
        181.05023193359375,
        187.77462768554688,
        179.96783447265625,
        187.27467346191406,
        204.17120361328125,
        174.3482666015625,
        231.88307189941406,
        154.4540557861328,
        189.25439453125,
        210.2694549560547,
        206.85812377929688,
        185.74143981933594,
        192.42660522460938,
        228.65457153320312,
        254.34317016601562,
        190.26254272460938,
        185.8453369140625,
        206.95603942871094,
        165.61407470703125,
        187.03717041015625,
        226.78575134277344,
        149.39306640625,
        181.19317626953125,
        188.237060546875,
        203.53456115722656,
        235.3863525390625,
        192.97323608398438,
        189.23583984375,
        202.7891387939453,
        186.22802734375,
        179.99072265625
      ]
    }
  ]
}