{
  "meta": {
    "seed": 718,
    "device": "cuda",
    "epochs": 15000,
    "lr": 0.001,
    "NR0": 8000,
    "N_R": 40000,
    "num_toys": 200,
    "clip_values": [
      0.48
    ],
    "lambdas": [
      0.0
    ],
    "input_dim": 5,
    "hidden_sizes": [
      10,
      10
    ],
    "output_dim": 1,
    "df_fixed": 181,
    "training": "unified Z=R∪W with labels y∈{0,1}",
    "loss": "sum[(1-y) w_e (exp f - 1) - y f], w_e=NR0/N_R"
  },
  "results": [
    {
      "clip": 0,
      "lambda": 0.0,
      "n": 200,
      "mean_T": 180.67058853149413,
      "std_T": 21.497336481594388,
      "T": [
        178.208251953125,
        166.8002166748047,
        189.71307373046875,
        172.7013397216797,
        173.22657775878906,
        176.6136474609375,
        187.46607971191406,
        180.82012939453125,
        191.25796508789062,
        130.22137451171875,
        189.54515075683594,
        186.0005645751953,
        184.3080596923828,
        175.19952392578125,
        170.583984375,
        130.7330322265625,
        197.90138244628906,
        186.07733154296875,
        204.68112182617188,
        203.58743286132812,
        182.83328247070312,
        197.19635009765625,
        188.28475952148438,
        164.4034423828125,
        185.88955688476562,
        197.004150390625,
        197.66720581054688,
        181.2314453125,
        186.55337524414062,
        205.65879821777344,
        130.3123779296875,
        194.01614379882812,
        131.9575653076172,
        164.33750915527344,
        124.70046997070312,
        173.77935791015625,
        182.47726440429688,
        197.70013427734375,
        151.20065307617188,
        185.50918579101562,
        224.500732421875,
        169.69284057617188,
        169.2006378173828,
        202.9449005126953,
        209.76734924316406,
        195.77452087402344,
        176.84759521484375,
        196.0882568359375,
        198.7406005859375,
        200.5784454345703,
        193.45091247558594,
        154.3949737548828,
        204.79293823242188,
        186.2532501220703,
        158.57470703125,
        199.498046875,
        162.2884521484375,
        180.97793579101562,
        183.36439514160156,
        151.28695678710938,
        132.0286407470703,
        155.78135681152344,
        183.80685424804688,
        203.64535522460938,
        155.197509765625,
        192.58633422851562,
        177.97479248046875,
        171.34811401367188,
        201.48782348632812,
        160.23367309570312,
        190.54766845703125,
        165.5020294189453,
        211.84271240234375,
        179.14212036132812,
        178.748779296875,
        180.02523803710938,
        169.73089599609375,
        209.9448699951172,
        163.14707946777344,
        172.37307739257812,
        169.18992614746094,
        189.76913452148438,
        190.22589111328125,
        197.73251342773438,
        184.7412872314453,
        184.75613403320312,
        180.1109619140625,
        193.015869140625,
        153.64178466796875,
        177.673828125,
        164.6811981201172,
        174.93531799316406,
        191.3888702392578,
        147.41709899902344,
        183.0082550048828,
        201.83619689941406,
        210.8873291015625,
        208.64573669433594,
        152.19546508789062,
        190.00454711914062,
        186.72714233398438,
        184.430419921875,
        166.08151245117188,
        193.18264770507812,
        155.07037353515625,
        184.46067810058594,
        202.46507263183594,
        237.2352752685547,
        148.98236083984375,
        203.66697692871094,
        182.30868530273438,
        205.36801147460938,
        123.72349548339844,
        179.96475219726562,
        144.81561279296875,
        150.38218688964844,
        176.63250732421875,
        126.30722045898438,
        176.6143798828125,
        167.66053771972656,
        200.40383911132812,
        179.06829833984375,
        195.77699279785156,
        141.73731994628906,
        175.2608642578125,
        185.9541473388672,
        182.5634765625,
        219.695068359375,
        200.19723510742188,
        158.46055603027344,
        194.1281280517578,
        182.02081298828125,
        234.2807159423828,
        241.3282928466797,
        187.95462036132812,
        170.0142822265625,
        181.5113525390625,
        199.7257843017578,
        187.78021240234375,
        185.62054443359375,
        209.214599609375,
        205.91091918945312,
        170.66195678710938,
        218.45330810546875,
        184.72177124023438,
        160.2374725341797,
        164.8623809814453,
        166.83291625976562,
        161.3490753173828,
        186.58163452148438,
        197.01280212402344,
        186.14871215820312,
        206.36944580078125,
        172.65509033203125,
        180.67071533203125,
        193.5463409423828,
        199.70872497558594,
        183.77908325195312,
        173.316650390625,
        175.90167236328125,
        189.22750854492188,
        198.54827880859375,
        176.16891479492188,
        192.53292846679688,
        173.64813232421875,
        166.64297485351562,
        164.04464721679688,
        153.39785766601562,
        172.64273071289062,
        185.6522216796875,
        195.94737243652344,
        155.8785400390625,
        137.5950164794922,
        179.13272094726562,
        200.40750122070312,
        184.2679901123047,
        193.73394775390625,
        171.6925811767578,
        224.7969970703125,
        176.55844116210938,
        143.8255615234375,
        172.94674682617188,
        146.4496307373047,
        182.31192016601562,
        149.987060546875,
        184.7599334716797,
        171.4968719482422,
        217.57659912109375,
        192.62950134277344,
        195.3665771484375,
        142.03421020507812,
        206.4701385498047,
        149.39134216308594,
        157.94903564453125,
        166.3839569091797,
        178.1453857421875,
        198.0816650390625,
        204.91030883789062,
        191.97848510742188,
        173.07781982421875
      ]
    }
  ]
}