{
  "meta": {
    "seed": 718,
    "device": "cuda",
    "epochs": 15000,
    "lr": 0.001,
    "NR0": 8000,
    "N_R": 40000,
    "num_toys": 200,
    "clip_values": [
      0.48
    ],
    "lambdas": [
      0.01
    ],
    "input_dim": 5,
    "hidden_sizes": [
      10,
      10
    ],
    "output_dim": 1,
    "df_fixed": 181,
    "training": "unified Z=R∪W with labels y∈{0,1}",
    "loss": "sum[(1-y) w_e (exp f - 1) - y f], w_e=NR0/N_R"
  },
  "results": [
    {
      "clip": 0,
      "lambda": 0.01,
      "n": 200,
      "mean_T": 181.0577879333496,
      "std_T": 19.688595758184125,
      "T": [
        167.83914184570312,
        181.59170532226562,
        165.11614990234375,
        177.31167602539062,
        169.51620483398438,
        176.2387237548828,
        136.05169677734375,
        159.58897399902344,
        179.39306640625,
        206.96188354492188,
        201.4747314453125,
        191.64749145507812,
        146.22244262695312,
        193.5178985595703,
        203.86647033691406,
        144.72262573242188,
        172.1658935546875,
        157.09918212890625,
        186.60836791992188,
        174.44674682617188,
        197.6221923828125,
        206.25164794921875,
        135.10130310058594,
        210.56509399414062,
        175.9362335205078,
        217.33447265625,
        228.13792419433594,
        192.2587890625,
        185.14508056640625,
        180.83688354492188,
        165.83447265625,
        168.686279296875,
        152.69223022460938,
        196.3970947265625,
        176.10121154785156,
        164.23770141601562,
        185.96559143066406,
        200.19961547851562,
        200.1544952392578,
        203.93460083007812,
        201.86016845703125,
        187.809326171875,
        217.01339721679688,
        174.80465698242188,
        179.0292205810547,
        139.504150390625,
        189.88565063476562,
        186.7999267578125,
        227.9659881591797,
        171.41082763671875,
        203.9078369140625,
        177.598876953125,
        165.45938110351562,
        185.79867553710938,
        138.9490509033203,
        166.37979125976562,
        168.703125,
        196.15585327148438,
        174.34799194335938,
        169.720947265625,
        141.97476196289062,
        196.02835083007812,
        187.915283203125,
        144.52659606933594,
        195.01806640625,
        181.1068115234375,
        180.7589111328125,
        152.77926635742188,
        201.26708984375,
        177.00267028808594,
        222.2769012451172,
        194.398681640625,
        171.99508666992188,
        206.0059051513672,
        191.6036376953125,
        193.49609375,
        167.15545654296875,
        194.31948852539062,
        200.107666015625,
        187.02828979492188,
        169.45225524902344,
        185.79977416992188,
        180.5163116455078,
        200.18707275390625,
        186.2155303955078,
        158.11874389648438,
        174.8420867919922,
        211.96279907226562,
        205.61878967285156,
        196.28701782226562,
        230.07383728027344,
        140.9565887451172,
        197.11260986328125,
        159.0825958251953,
        158.58657836914062,
        201.9015655517578,
        185.73175048828125,
        191.91424560546875,
        182.840576171875,
        156.2751007080078,
        189.67584228515625,
        169.05181884765625,
        153.7539520263672,
        169.92425537109375,
        181.85093688964844,
        167.92678833007812,
        187.75779724121094,
        154.12762451171875,
        169.69747924804688,
        159.096435546875,
        201.965576171875,
        199.21713256835938,
        195.70889282226562,
        165.16119384765625,
        213.28512573242188,
        176.7198486328125,
        186.79965209960938,
        180.50479125976562,
        154.3109130859375,
        197.76617431640625,
        157.364013671875,
        184.01014709472656,
        152.37725830078125,
        187.05612182617188,
        180.6263885498047,
        174.97616577148438,
        217.8201904296875,
        203.46139526367188,
        198.36068725585938,
        171.0059814453125,
        181.64633178710938,
        191.0150146484375,
        176.21661376953125,
        174.2529296875,
        218.83700561523438,
        194.864990234375,
        178.23812866210938,
        153.23329162597656,
        198.99752807617188,
        192.8245391845703,
        178.61163330078125,
        175.12393188476562,
        185.40713500976562,
        178.4471435546875,
        188.05050659179688,
        164.00094604492188,
        179.18206787109375,
        146.19998168945312,
        162.60684204101562,
        172.4461669921875,
        157.5666961669922,
        192.2586669921875,
        185.89425659179688,
        185.02696228027344,
        204.7549285888672,
        180.83285522460938,
        186.69866943359375,
        151.44488525390625,
        175.5652313232422,
        171.0202178955078,
        174.30584716796875,
        263.6961364746094,
        161.6449737548828,
        169.13674926757812,
        146.16644287109375,
        174.89779663085938,
        183.14346313476562,
        197.38919067382812,
        208.1643524169922,
        171.0945281982422,
        186.49781799316406,
        155.78024291992188,
        181.1402130126953,
        187.55499267578125,
        191.6427001953125,
        203.59542846679688,
        186.36965942382812,
        174.23045349121094,
        189.61109924316406,
        160.40708923339844,
        168.2893829345703,
        173.8460235595703,
        186.8633270263672,
        165.62435913085938,
        154.07154846191406,
        169.66812133789062,
        182.3252410888672,
        191.16976928710938,
        176.8772735595703,
        183.36929321289062,
        179.757568359375,
        201.48902893066406,
        176.27102661132812,
        171.33792114257812,
        187.89117431640625,
        161.02854919433594,
        176.73863220214844,
        168.56724548339844,
        192.2923583984375,
        176.8642120361328
      ]
    }
  ]
}