{
  "meta": {
    "seed": 718,
    "device": "cuda",
    "epochs": 15000,
    "lr": 0.001,
    "NR0": 8000,
    "N_R": 40000,
    "num_toys": 200,
    "clip_values": [
      0.48
    ],
    "lambdas": [
      0.1
    ],
    "input_dim": 5,
    "hidden_sizes": [
      10,
      10
    ],
    "output_dim": 1,
    "df_fixed": 181,
    "training": "unified Z=R∪W with labels y∈{0,1}",
    "loss": "sum[(1-y) w_e (exp f - 1) - y f], w_e=NR0/N_R"
  },
  "results": [
    {
      "clip": 0,
      "lambda": 0.1,
      "n": 200,
      "mean_T": 336.5652210998535,
      "std_T": 33.16807696633851,
      "T": [
        359.1491394042969,
        367.53021240234375,
        380.7574462890625,
        319.2198181152344,
        267.69610595703125,
        312.5911865234375,
        305.11376953125,
        376.58758544921875,
        327.06103515625,
        279.02862548828125,
        286.41790771484375,
        341.9185791015625,
        347.9061584472656,
        314.6300048828125,
        351.9820251464844,
        332.1058654785156,
        293.1888427734375,
        316.6300048828125,
        377.6802978515625,
        299.9613037109375,
        337.361328125,
        286.4046630859375,
        365.3145446777344,
        377.1585693359375,
        326.5946044921875,
        366.5796813964844,
        373.61932373046875,
        349.3082275390625,
        319.5627746582031,
        318.7330322265625,
        282.72589111328125,
        388.527099609375,
        317.646728515625,
        314.53985595703125,
        348.9095458984375,
        291.12322998046875,
        311.7474365234375,
        348.37774658203125,
        265.51019287109375,
        338.8197326660156,
        393.89605712890625,
        349.103515625,
        351.1177673339844,
        326.2750549316406,
        347.5360107421875,
        314.10491943359375,
        340.61639404296875,
        296.9466552734375,
        318.00347900390625,
        283.90093994140625,
        304.20343017578125,
        353.437255859375,
        400.5762939453125,
        338.2296142578125,
        358.47216796875,
        348.372802734375,
        366.6265869140625,
        326.6209716796875,
        311.40911865234375,
        336.2198181152344,
        319.5486145019531,
        350.53814697265625,
        287.782958984375,
        365.3170166015625,
        316.12567138671875,
        296.5130310058594,
        340.85699462890625,
        363.33416748046875,
        323.2918395996094,
        324.3426513671875,
        380.79315185546875,
        334.7056884765625,
        363.638916015625,
        349.735595703125,
        290.9512634277344,
        376.16143798828125,
        274.857421875,
        289.1513671875,
        314.4180908203125,
        320.9849548339844,
        329.0921325683594,
        317.5676574707031,
        353.0809631347656,
        319.912841796875,
        370.57562255859375,
        358.5353088378906,
        345.67742919921875,
        360.89544677734375,
        314.536376953125,
        379.7263488769531,
        347.0455627441406,
        336.32867431640625,
        362.5257568359375,
        335.6068115234375,
        323.1298828125,
        337.17718505859375,
        330.988037109375,
        339.43023681640625,
        293.5171203613281,
        325.7500915527344,
        348.32928466796875,
        299.08319091796875,
        285.5618591308594,
        337.239501953125,
        345.88848876953125,
        333.1067810058594,
        343.8118591308594,
        359.3653259277344,
        283.34283447265625,
        374.79327392578125,
        357.95654296875,
        327.86962890625,
        315.1952209472656,
        369.41827392578125,
        358.3279724121094,
        329.8258361816406,
        358.1337585449219,
        393.38482666015625,
        382.23455810546875,
        325.19659423828125,
        269.5363464355469,
        298.63519287109375,
        408.11407470703125,
        327.2189025878906,
        307.6415100097656,
        310.8936767578125,
        365.00982666015625,
        304.60821533203125,
        324.2520751953125,
        331.7223815917969,
        339.0303955078125,
        378.9416198730469,
        355.52972412109375,
        329.9864196777344,
        371.16656494140625,
        286.29913330078125,
        287.4958801269531,
        300.84661865234375,
        322.2408447265625,
        296.10113525390625,
        438.35931396484375,
        405.287353515625,
        363.8428955078125,
        353.76641845703125,
        347.8583068847656,
        323.2294006347656,
        407.5166015625,
        298.0596008300781,
        374.5331115722656,
        327.71783447265625,
        347.7338562011719,
        378.2244873046875,
        335.1221923828125,
        317.8516845703125,
        365.74761962890625,
        350.0547180175781,
        307.1393127441406,
        331.64862060546875,
        347.22021484375,
        353.24005126953125,
        402.8675231933594,
        366.7822265625,
        353.3168640136719,
        327.70855712890625,
        355.06524658203125,
        408.571044921875,
        289.99322509765625,
        329.8815002441406,
        400.2393798828125,
        361.50091552734375,
        412.9727783203125,
        341.95758056640625,
        276.7057800292969,
        341.24078369140625,
        344.8094787597656,
        349.02349853515625,
        373.80767822265625,
        297.55621337890625,
        282.5276184082031,
        375.90533447265625,
        297.1147155761719,
        336.66436767578125,
        307.58355712890625,
        354.83502197265625,
        294.27386474609375,
        314.2441101074219,
        312.35504150390625,
        291.004150390625,
        380.36187744140625,
        375.67724609375,
        310.9759521484375,
        309.63592529296875,
        358.00103759765625,
        303.3899841308594,
        319.7590026855469,
        344.63702392578125,
        332.1763916015625,
        335.403564453125,
        400.36248779296875,
        309.12847900390625
      ]
    }
  ]
}